{
    "theta0": 8007.559469157461,
    "theta1": -0.021438232641858245
}