{
    "theta0": 8007.3986379002135,
    "theta1": -0.021436277258200114
}